geometry,STO-3G-error-percent,3-21G-error-percent,6-31G-error-percent,6-31G*-error-percent,6-31G**-error-percent
"[[0.0, 0.0, 0.559859335422516], [0.0, 0.0, -0.559859335422516]]",-1.2652515155542783,-0.4917908825196436,-0.03702286490532115,-0.08503021510053684,-0.08503021510053684
"[[-0.214321196079254, -0.084094531834126, 0.069681838154793], [1.531570315361023, 0.790129363536835, 0.035592794418335], [-1.336195707321167, 0.05733397603035, -0.031842533499002], [1.138465881347656, -0.085862502455711, -0.028848262503743]]",-1.267831657961443,-0.4727418843765934,-0.04650275463400509,-0.08341676419349328,-0.08694225426471786
"[[0.014473460614681, 0.497637867927551, -0.0], [-0.188154995441437, 1.678797006607056, -0.0], [0.014473460614681, -0.666374921798706, 0.0]]",-1.2017316341566104,-0.44917784243684294,-0.07095387279989016,-0.10394781418823773,-0.10591267886803132
"[[0.0, -0.0, -0.68626481294632], [-0.0, 0.0, 0.514698624610901]]",-1.266834206595056,-0.475787564741829,-0.043394708420021647,-0.08409217074733753,-0.08409217074733753
"[[0.509791612625122, 0.026870004832745, -0.023425199091434], [1.010899424552917, 0.925699234008789, 0.045212235301733], [1.415517210960388, -0.839163362979889, 0.0434595271945], [-0.685645818710327, -0.030969487503171, 0.006484928540885]]",-1.2672524312671152,-0.47041342190954255,-0.052250836697970725,-0.0883306127690224,-0.09078009857240983
"[[0.0, 0.076925121247768, 0.0], [1.179724931716919, -0.162000626325607, -0.0], [-1.179724931716919, 0.104306787252426, 0.0]]",-1.2997750766051088,-0.48029585658507695,-0.03818469310548968,-0.07979115363540501,-0.07979115363540501
